Player,GM,KI,MK,HB,DI,GL,BH,HO,TK,RB,IF,CL,CG,FF,FA,BR,CP,UP,CM,MI,1%,BO,GA
"Bartlett, Kevin",403,8293,1086,858,9151,778,781,27,,,,,,931,856,160,,,,,,,
"Riewoldt, Jack",347,3085,1833,1023,4108,787,480,106,741,41,796,130,824,321,335,62,2004,2089,545,1038,582,29,249
"Cotchin, Trent",306,4019,993,2877,6896,141,123,48,1132,488,1124,1441,974,463,306,148,3262,3575,74,104,402,112,163
"Edwards, Shane",303,2451,789,2693,5144,189,154,15,838,326,793,799,706,195,250,17,2306,2805,78,144,402,133,211
"Martin, Dustin",301,4556,1167,2748,7304,338,230,18,835,346,1425,1159,1163,245,401,212,2935,4333,172,219,335,251,221
"Bourke, Francis",300,4163,1054,1288,5451,71,57,34,,,,,,715,696,139,,,,,,,
"Campbell, Wayne",297,4274,1243,2652,6926,172,118,74,595,351,638,713,252,370,299,70,1120,1910,66,71,224,111,27
"Richardson, Matthew",282,3082,2270,879,3961,800,551,89,134,51,641,35,550,309,397,140,1309,1445,506,703,248,33,86
"Knights, Matthew",279,3356,824,2582,5938,141,111,8,613,153,346,326,165,414,361,114,693,969,22,34,78,54,
"Weightman, Dale",274,2956,600,2736,5692,344,266,5,156,,,,,693,498,52,,,,,,,
"Newman, Chris",268,2863,1206,1409,4272,56,54,2,667,778,514,231,379,177,121,17,1280,2800,97,40,735,242,75
"Bowden, Joel",265,3665,1546,2176,5841,174,124,70,560,1006,751,447,613,210,220,41,1580,3494,132,124,638,526,49
"Sheedy, Kevin",251,3355,859,1174,4529,91,88,20,,,,,,759,440,62,,,,,,,
"Gale, Brendon",244,1975,1383,1215,3190,209,147,1832,231,101,124,251,86,302,311,35,396,343,88,32,92,,
"Deledio, Brett",243,2968,1300,2580,5548,182,140,80,688,555,980,572,497,193,127,75,1885,3551,134,154,419,526,119
"Keane, Merv",238,2590,640,1129,3719,36,56,9,,,,,,507,334,4,,,,,,,
"Grimes, Dylan",234,1476,898,1159,2635,3,5,,530,419,144,47,448,216,198,4,1072,1489,159,6,1179,40,7
"Lee, Mark",233,1639,896,1517,3156,94,58,4304,60,,,,,491,721,58,,,,,,,
"Vlastuin, Nick",226,2444,1306,1398,3842,29,14,6,599,871,304,127,527,205,228,8,1260,2327,136,24,721,38,46
"Jess, Jim",223,1953,972,868,2821,175,131,194,7,,,,,278,321,40,,,,,,,
"Cloke, David",219,2041,1238,1084,3125,272,211,895,26,,,,,342,526,54,,,,,,,
"Clay, Dick",213,2951,891,247,3198,80,122,9,,,,,,375,369,41,,,,,,,
"Wood, Bryan",209,2405,781,1092,3497,85,86,9,,,,,,386,431,55,,,,,,,
"Gaspar, Darren",207,1323,679,1073,2396,22,9,44,264,403,127,76,199,206,137,33,682,881,102,18,343,34,4
"Houli, Bachar",206,2735,1122,1926,4661,34,41,,516,782,576,170,435,142,101,26,1082,3249,51,36,423,256,53
"Rance, Alex",200,1775,1144,1547,3322,9,5,21,469,669,165,60,507,308,246,31,1302,2054,176,4,1557,108,21
"Roach, Michael",200,1819,1046,476,2295,607,307,380,9,,,,,190,307,37,,,,,,,
"Rogers, Matthew",197,2188,764,666,2854,163,143,2,270,211,330,105,158,100,171,13,352,927,33,93,107,28,4
"Tivendale, Greg",188,2107,719,956,3063,125,113,9,453,344,710,355,378,94,131,26,1001,2055,34,65,186,265,40
"Hart, Royce",187,2437,955,601,3038,369,333,11,,,,,,414,381,46,,,,,,,
"McIntosh, Kamdyn",182,1818,724,851,2669,52,40,3,423,354,486,147,516,94,147,2,839,1822,51,51,397,101,49
"Kellaway, Duncan",180,1398,570,1227,2625,12,11,26,557,114,129,188,104,242,140,11,420,597,13,10,145,,
"Ellis, Brandon",176,2218,939,1615,3833,58,57,1,416,461,415,245,397,99,116,25,1033,2753,46,45,217,149,47
"Rioli, Daniel",175,1400,572,1200,2600,104,64,1,531,254,382,87,342,142,97,6,837,1690,39,75,192,173,78
"Tuck, Shane",173,1974,782,2072,4046,74,56,189,639,285,599,801,459,164,171,35,1847,2218,69,47,270,34,57
"Kellaway, Andrew",172,1489,1047,1049,2538,30,16,27,329,406,187,107,222,213,91,10,802,1517,138,47,409,79,9
"Grigg, Shaun",171,2101,882,1719,3820,86,71,138,539,284,632,498,376,114,130,27,1191,2595,32,85,174,53,76
"Broderick, Paul",169,1692,436,1572,3264,90,62,9,376,78,182,268,68,125,129,46,320,450,9,29,43,27,
"Short, Jayden",167,2601,826,759,3360,35,30,,304,738,477,137,410,81,85,10,698,2336,22,12,199,176,34
"Chaffey, Mark",166,1822,728,818,2640,34,28,,230,379,382,162,247,65,81,10,753,1716,73,39,239,91,11
"Daffy, Nick",165,2299,413,568,2867,181,165,7,189,89,445,299,142,108,178,31,378,639,5,14,25,51,
"Balme, Neil",159,1351,660,736,2087,229,151,953,,,,,,328,431,16,,,,,,,
"Dean, Roger",157,2396,576,527,2923,120,114,10,,,,,,435,382,25,,,,,,,
"Jackson, Daniel",156,1643,592,1229,2872,61,71,47,591,184,506,443,434,125,198,17,1079,1812,34,48,236,27,53
"Astbury, David",155,1228,814,802,2030,9,6,25,200,384,100,30,254,111,100,2,679,1338,119,4,688,13,9
"Foley, Nathan",154,1436,394,1701,3137,44,38,7,644,200,440,589,380,124,155,25,1326,1844,8,18,135,268,79
"Strachan, Greg",154,1292,326,559,1851,8,10,36,,,,,,233,183,2,,,,,,,
"Rowlings, Barry",152,2606,404,723,3329,117,90,8,,,,,,227,249,22,,,,,,,
"Green, Mike",146,1214,808,454,1668,83,37,1094,,,,,,209,232,22,,,,,,,
"Hogg, Jeff",144,1228,570,360,1588,306,197,15,85,,,,,173,149,7,,,,,,,
"Turner, Scott",144,1017,375,459,1476,33,26,113,100,103,7,5,21,168,166,4,35,51,8,,5,5,
"Naish, Chris",143,1428,352,727,2155,212,148,,196,,,,,160,110,15,,,,,,,
"Broad, Nathan",140,1285,665,637,1922,4,2,6,249,436,142,22,281,71,90,2,532,1326,62,2,632,60,8
"Nankervis, Toby",138,1071,404,1067,2138,35,33,3567,564,193,288,491,557,174,271,12,1200,879,96,28,525,,27
"Pickering, Michael",136,1529,872,934,2463,160,126,5,78,,,,,232,194,19,,,,,,,
"Lambert, Kane",135,1239,491,1320,2559,78,57,,455,124,442,280,340,77,87,27,917,1620,11,77,146,18,92
"Raines, Geoff",134,2177,464,962,3139,55,92,18,,,,,,304,315,38,,,,,,,
"Castagna, Jason",134,879,473,710,1589,127,106,1,342,44,290,52,263,80,67,2,548,1036,39,165,85,48,55
"Free, Tony",133,2190,376,549,2739,46,59,10,187,,,,,288,232,16,,,,,,,
"Ottens, Brad",129,896,666,702,1598,152,79,2015,191,76,266,352,230,154,165,12,982,596,244,194,185,33,11
"Bolton, Shai",127,1293,429,895,2188,151,133,1,349,60,534,394,443,81,150,45,992,1250,53,124,160,158,97
"Graham, Jack",125,1043,279,997,2040,49,25,,662,120,400,227,355,108,143,9,752,1336,2,24,87,20,60
"Egan, Phil",125,1230,473,627,1857,117,128,1,31,,,,,136,175,24,,,,,,,
"Richardson, Barry",125,1233,534,191,1424,134,68,4,,,,,,236,196,10,,,,,,,
"Holland, Ben",125,807,496,550,1357,124,67,193,173,105,153,123,126,115,129,6,566,459,150,97,107,7,2
"Prestia, Dion",123,1505,370,1404,2909,41,42,,455,219,455,576,440,117,99,46,1199,1732,3,32,138,21,69
"Lambert, Craig",123,1360,267,1488,2848,53,62,2,250,,,,,213,169,30,,,,,,,
"Baker, Liam",122,1243,444,989,2232,50,52,,312,240,325,148,399,99,146,13,838,1378,13,53,236,30,45
"Malthouse, Mick",121,1228,226,562,1790,10,12,4,,,,,,244,252,1,,,,,,,
"Landy, Graeme",120,1244,443,586,1830,38,25,29,,,,,,198,191,20,,,,,,,
"Vickery, Ty",119,670,466,534,1204,158,81,786,224,27,155,136,206,115,112,8,589,641,130,194,214,9,49
"Rioli, Maurice",118,1645,243,852,2497,80,57,6,55,,,,,252,200,60,,,,,,,
"Monteath, Bruce",118,1679,444,552,2231,198,166,9,,,,,,290,324,14,,,,,,,
"Torney, Jason",118,784,360,582,1366,16,18,3,167,188,119,90,79,88,78,3,343,548,43,17,131,49,
"Johnson, Kane",116,1436,636,1083,2519,32,24,14,329,244,389,349,233,131,76,22,775,1760,14,28,148,36,62
"Bond, Graeme",115,1319,211,231,1550,61,83,1,,,,,,151,199,8,,,,,,,
"Dunne, Emmett",115,974,453,465,1439,56,60,476,,,,,,185,231,11,,,,,,,
"Pettifer, Kayne",113,1156,593,353,1509,132,85,,168,82,397,80,208,90,77,7,447,1060,48,143,93,39,49
"Hunt, Rex",113,1168,655,123,1291,121,123,68,,,,,,154,159,35,,,,,,,
"Morris, Kevin",110,1389,213,275,1664,71,64,20,,,,,,257,183,9,,,,,,,
"Leys, Brian",110,935,319,396,1331,19,6,17,87,,,,,172,129,1,,,,,,,
"Tambling, Richard",108,931,505,681,1612,61,55,19,314,98,265,144,197,77,63,9,527,1104,40,65,138,94,45
"King, Jake",107,868,420,625,1493,79,46,2,296,116,251,111,274,159,159,4,631,898,26,52,206,99,65
"White, Matt",105,806,361,481,1287,54,33,4,338,99,281,130,181,58,93,2,453,849,18,28,178,101,47
"McGuane, Luke",105,629,452,611,1240,39,26,30,230,198,87,30,236,60,135,,476,763,73,42,444,70,17
"Conca, Reece",104,1070,358,797,1867,23,35,3,385,172,265,226,293,97,133,4,648,1143,12,21,123,59,32
"Palm, David",104,727,283,723,1450,38,27,,74,,,,,200,161,7,,,,,,,
"Krakouer, Andrew",102,665,247,366,1031,102,60,3,303,34,179,186,151,95,59,2,539,487,19,57,108,34,38
"Bond, Chris",100,1011,204,482,1493,32,29,2,228,,,,,164,132,23,,,,,,,
"Northey, John",100,1112,220,340,1452,172,190,7,,,,,,170,154,6,,,,,,,
"Poole, Trevor",99,1087,461,556,1643,56,51,6,53,,,,,173,186,10,,,,,,,
"Brown, Billy",99,1167,191,253,1420,110,100,,,,,,,248,170,17,,,,,,,
"Hall, Ray",99,517,340,506,1023,28,17,201,200,101,155,111,168,56,97,4,497,568,56,28,404,33,7
"Bulluss, Paul",97,571,339,375,946,20,9,70,54,26,14,6,8,104,119,1,,,,,,,
"Balta, Noah",96,886,454,297,1183,35,18,163,129,301,162,49,291,73,93,9,485,668,134,39,343,45,13
"McKellar, Craig",96,604,302,233,837,25,30,760,,,,,,160,100,21,,,,,,,
"Wiley, Robert",95,1706,359,537,2243,127,122,5,,,,,,161,154,25,,,,,,,
"Simmonds, Troy",93,808,498,513,1321,66,47,1438,146,76,215,190,229,96,117,12,451,872,55,81,106,19,27
"Hyde, Chris",93,683,397,598,1281,39,24,2,192,79,218,131,152,62,76,8,390,925,4,20,100,101,22
"Coughlan, Mark",92,931,395,876,1807,39,34,10,349,114,279,323,199,95,72,29,785,1058,38,26,117,53,24
"Bower, Brendan",92,962,268,402,1364,19,20,2,103,,,,,117,122,5,,,,,,,
"Gale, Michael",91,866,314,584,1450,20,17,10,85,23,38,21,10,86,83,12,,,,,,,
"Pickett, Marlion",90,648,293,643,1291,26,26,20,273,108,249,101,333,61,123,2,571,788,26,32,171,21,31
"Prescott, Ashley",90,727,197,370,1097,15,9,7,182,24,81,37,22,69,91,3,,,,,,,
"Maxfield, Stuart",89,919,167,259,1178,65,60,1,164,,,,,56,87,6,,,,,,,
"Lynch, Tom",89,681,426,261,942,208,128,31,119,,174,25,266,105,124,17,550,427,193,252,162,2,46
"Walsh, Wayne",88,1202,205,253,1455,30,37,,,,,,,180,138,2,,,,,,,
"Strang, Geoff",88,995,286,118,1113,,4,4,,,,,,124,150,1,,,,,,,
"Cumming, Daryl",88,523,124,356,879,64,54,3,,,,,,82,108,,,,,,,,
"Tempany, Bruce",87,794,254,488,1282,33,34,9,,,,,,161,151,4,,,,,,,
"Moore, Kelvin",87,615,414,429,1044,12,16,2,162,162,63,17,117,52,64,,315,711,36,19,340,38,8
"Morris, Steven",87,477,224,544,1021,12,6,,207,103,101,41,142,79,69,,382,659,19,13,251,33,19
"Sproule, Paul",86,1056,128,369,1425,93,90,4,,,,,,133,147,6,,,,,,,
"Bourke, David",85,498,183,211,709,18,20,29,95,55,38,17,40,79,44,5,142,173,13,10,45,10,
"Cameron, Leon",84,960,333,366,1326,40,23,2,90,249,247,69,101,40,24,17,308,971,19,27,77,102,7
"Batchelor, Jake",84,642,334,382,1024,4,8,1,176,178,84,22,148,32,61,,300,724,38,4,267,16,12
"Nahas, Robin",83,657,279,549,1206,100,63,,327,44,205,62,164,88,67,6,437,784,12,59,50,66,47
"Brown, Nathan",82,1111,455,453,1564,143,110,,135,112,285,143,191,57,48,18,480,1067,36,143,64,140,58
"Hilton, Rory",82,778,299,274,1052,53,50,5,125,104,169,102,132,60,71,17,408,626,43,59,119,75,10
"Mitchell, Michael",81,833,302,640,1473,103,91,1,168,,,,,91,136,23,,,,,,,
"McGhie, Robert",81,596,207,241,837,,2,7,,,,,,101,144,9,,,,,,,
"Maric, Ivan",80,535,274,562,1097,33,19,2117,236,66,132,263,160,111,88,5,617,477,76,33,251,11,34
"Moore, Eric",80,899,266,172,1071,94,69,3,,,,,,110,128,5,,,,,,,
"Barrot, Bill",79,1604,381,208,1812,76,81,9,,,,,,165,210,32,,,,,,,
"Caddy, Josh",79,743,304,508,1251,88,53,11,224,66,219,151,189,47,58,9,508,720,41,74,96,21,35
"Leech, Eric",79,446,173,169,615,,1,1,,,,,,105,105,,,,,,,,
"Stewart, Ian",78,1274,345,244,1518,55,35,23,,,,,,158,141,45,,,,,,,
"Roberts, Brian",78,534,346,236,770,34,24,806,,,,,,139,225,10,,,,,,,
"Fiora, Aaron",78,498,279,268,766,25,23,13,92,102,149,46,107,40,44,,260,526,23,33,124,89,8
"James, Stephen",77,644,266,282,926,78,63,2,43,,,,,94,83,3,,,,,,,
"Thursfield, Will",77,298,235,406,704,,4,1,112,118,26,14,107,36,74,,215,477,27,2,459,23,2
"Nichols, Trent",75,897,180,309,1206,65,44,1,86,3,10,3,2,67,75,17,,,,,,,
"Chaplin, Troy",75,621,409,461,1082,5,4,5,119,172,73,13,96,52,45,,349,740,39,5,326,12,10
"Tape, Jamie",75,628,259,348,976,4,4,4,122,,,,,75,75,5,,,,,,,
"Merenda, Mark",75,607,156,246,853,62,61,1,81,4,26,6,9,77,66,17,18,7,,1,5,1,
"Harrison, Ben",74,761,280,331,1092,39,29,26,74,87,132,60,63,42,34,5,135,259,20,8,13,10,
"Bower, Nathan",74,597,164,250,847,22,25,3,105,12,12,9,8,54,47,7,,,,,,,
"Stafford, Greg",74,438,311,276,714,83,32,765,88,46,102,141,131,68,81,9,388,332,96,98,91,2,22
"Smith, Craig",72,775,241,356,1131,23,20,1,58,,,,,82,84,5,,,,,,,
"Jewell, Tony",71,768,238,152,920,11,14,12,,,,,,69,110,,,,,,,,
"Schulz, Jay",71,407,285,201,608,58,41,6,103,47,93,16,89,43,40,2,218,399,44,95,123,18,18
"Patterson, Michael",69,698,197,141,839,48,43,1019,,,,,,177,254,8,,,,,,,
"Ross, Jack",68,533,259,529,1062,15,7,,125,97,176,115,128,39,34,,346,737,7,19,84,16,27
"Zantuck, Ty",68,440,230,335,775,20,12,2,97,170,55,40,98,35,44,,279,491,36,17,169,31,5
"Edwards, Allan",66,736,250,230,966,84,72,4,,,,,,104,125,18,,,,,,,
"Boyanich, Ray",66,617,281,235,852,44,45,367,,,,,,87,193,10,,,,,,,
"Annear, John",65,916,269,662,1578,43,49,3,,,,,,124,107,15,,,,,,,
"Rodan, David",65,397,138,259,656,43,25,1,138,40,154,109,80,24,26,1,340,325,14,18,80,146,17
"Powell, Tim",64,584,234,351,935,40,48,1,26,,,,,55,55,12,,,,,,,
"Guinane, Paddy",63,575,332,77,652,141,111,81,,,,,,76,133,8,,,,,,,
"Griffiths, Ben",63,346,239,212,558,42,44,312,129,18,124,33,102,44,58,4,271,301,74,57,153,2,21
"Eustice, Mark",62,840,125,272,1112,26,33,,24,,,,,74,87,6,,,,,,,
"Miles, Anthony",61,698,217,712,1410,24,11,,255,91,196,333,156,145,78,14,672,758,5,15,52,5,21
"Pattison, Adam",61,269,235,401,670,15,10,422,131,41,83,87,105,55,49,,246,431,18,20,119,15,19
"Wall, Matthew",60,510,137,317,827,23,25,1,,,,,,77,161,,,,,,,,
"Burgin, Graham",60,580,141,106,686,,1,2,,,,,,56,117,5,,,,,,,
"Bowden, Michael",59,532,210,513,1045,20,19,25,,,,,,89,120,9,,,,,,,
"Pickering, Justin",59,667,213,331,998,54,39,3,62,,,,,62,96,2,,,,,,,
"Morton, Mitch",59,495,274,325,820,94,55,1,157,33,165,65,97,40,30,1,281,532,39,94,39,17,32
"Manton, John",59,440,212,268,708,38,18,73,22,,,,,88,44,3,,,,,,,
"Ronaldson, John",59,364,144,87,451,33,31,428,,,,,,76,59,2,,,,,,,
"King, Clinton",58,431,144,423,854,10,6,,106,51,127,152,66,38,29,7,304,557,2,7,70,23,1
"Lamb, Robert",58,724,172,118,842,120,85,,,,,,,72,81,9,,,,,,,
"Gepp, Tim",57,542,138,360,902,3,3,5,,,,,,120,88,1,,,,,,,
"Lloyd, Sam",57,469,220,264,733,69,33,,154,25,129,34,105,50,40,,282,449,23,64,36,10,22
"Clayton, Cameron",57,446,90,241,687,20,32,,,,,,,68,121,2,,,,,,,
"Soldo, Ivan",57,250,131,213,463,23,13,1202,172,46,53,127,135,78,84,,260,188,26,29,136,1,10
"Jenkinson, Noel",57,282,94,103,385,,,1,,,,,,67,42,5,,,,,,,
"Raines, Andrew",56,516,232,460,976,1,2,,84,150,86,36,132,33,55,3,228,759,6,2,71,124,6
"Polo, Dean",56,412,296,485,897,11,13,3,120,98,69,66,109,42,51,5,316,591,24,17,125,39,14
"Smith, Terry",56,511,145,297,808,15,22,3,,,,,,76,119,6,,,,,,,
"Powell, Robert",56,548,131,255,803,53,42,,83,56,101,41,49,50,63,2,97,106,2,2,8,23,
"Ryan, Des",56,340,171,302,642,29,26,7,33,,,,,48,52,1,,,,,,,
"Goodwin, Andy",56,370,133,148,518,9,10,46,57,,,,,81,143,,,,,,,,
"Honybun, David",55,439,263,144,583,39,38,275,26,,,,,56,74,13,,,,,,,
"Wilson, Peter",54,654,229,305,959,39,28,17,66,,,,,57,124,9,,,,,,,
"Charles, Justin",54,391,193,215,606,38,23,345,73,,2,2,,77,106,17,,,,,,,
"Heard, Bob",54,268,220,232,500,45,15,759,,,,,,101,99,4,,,,,,,
"Young, Barry",53,441,136,327,768,23,27,4,108,,,,,89,67,5,,,,,,,
"Perry, Mike",53,453,159,101,554,6,4,43,,,,,,62,79,6,,,,,,,
"Dear, Greg",53,269,103,182,451,9,5,518,53,,,,,88,87,1,,,,,,,
"Richardson, Alan",52,518,171,448,966,23,33,87,,,,,,95,137,8,,,,,,,
"Francis, Peter",52,684,153,223,907,22,19,,,,,,,64,88,2,,,,,,,
"Robertson, Graeme",51,315,115,201,516,1,1,25,,,,,,71,80,3,,,,,,,
"Burton, Chris",50,729,136,192,921,8,16,,25,,,,,76,49,2,,,,,,,
"Carter, Noel",50,571,90,198,769,55,52,7,,,,,,117,78,2,,,,,,,
"Banik, Anthony",49,469,105,206,675,,3,,42,,,,,54,36,1,,,,,,,
"Fowler, Laurie",49,426,134,50,476,7,4,1,,,,,,118,55,5,,,,,,,
"Roberts, Neville",48,507,181,271,778,81,47,6,,,,,,80,111,11,,,,,,,
"Graham, Angus",48,183,151,290,473,18,9,882,168,27,49,77,103,52,74,,205,260,27,23,101,1,11
"Dragicevic, Marc",48,245,91,150,395,25,17,2,45,18,79,39,42,15,14,1,159,248,8,21,15,8,
"Crowe, Neville",47,385,230,207,592,20,16,788,,,,,,120,114,19,,,,,,,
"Davenport, Don",46,576,115,96,672,35,32,1,,,,,,54,49,6,,,,,,,
"Welsh, Peter",46,423,80,172,595,45,32,,,,,,,50,110,5,,,,,,,
"Czerkaski, Peter",46,313,99,136,449,6,7,1,35,,,,,73,53,,,,,,,,
"Edwards, Stuart",46,230,117,125,355,52,47,35,20,,,,,30,35,,,,,,,,
"McKellar, Allan",45,465,140,302,767,15,14,,52,,,,,119,65,15,,,,,,,
"Butler, Dan",45,314,89,182,496,53,28,,160,13,123,16,91,40,43,,189,307,8,35,20,23,34
"Howat, John",45,286,120,154,440,2,2,12,25,,,,,42,39,3,,,,,,,
"Mansell, Rhyan",45,304,118,134,438,22,13,,119,53,81,11,87,39,37,,155,276,4,16,74,3,10
"Biddiscombe, Craig",44,367,154,194,561,7,4,3,51,67,100,41,51,25,25,,192,378,12,3,49,23,1
"Ryan, Stephen",43,455,212,278,733,39,34,1,30,,,,,44,56,4,,,,,,,
"Higgins, Jack",43,360,131,327,687,29,25,,105,25,104,54,91,38,21,,301,391,14,32,55,3,27
"Taylor, Brian",43,292,211,78,370,156,90,14,,,,,,24,115,7,,,,,,,
"Hunt, Taylor",42,395,222,339,734,2,2,1,81,82,61,27,86,21,32,4,177,572,5,,58,12,15
"Thomson, Michael",42,407,114,285,692,15,9,1,39,,,,,41,44,1,,,,,,,
"Ralphsmith, Hugo",42,284,142,234,518,11,8,,52,60,88,16,101,11,25,,148,348,7,8,67,14,10
"Swift, Fred",42,453,170,23,476,17,27,6,,,,,,74,68,5,,,,,,,
"Aarts, Jake",42,215,91,193,408,34,19,,100,12,69,24,97,33,51,1,183,232,6,22,31,12,18
"Pitura, John",40,487,115,202,689,24,31,1,,,,,,74,117,18,,,,,,,
"Walsh, Phil",40,423,145,263,686,14,17,4,,,,,,85,51,2,,,,,,,
"Scrimshaw, Ian",40,447,88,112,559,26,27,4,,,,,,44,66,,,,,,,,
"Peart, Neil",40,341,121,139,480,9,5,16,1,,,,,63,57,9,,,,,,,
"Menadue, Connor",39,256,122,221,477,11,9,,99,46,63,24,71,27,21,,159,331,4,8,37,17,8
"McLean, Ricky",39,309,147,63,372,103,70,1,,,,,,50,93,1,,,,,,,
"Hollick, Greg",38,564,117,51,615,19,17,5,,,,,,61,72,3,,,,,,,
"Polak, Graham",38,310,261,227,537,16,17,73,59,71,55,29,52,30,20,6,194,343,48,35,122,11,14
"Sziller, Steven",38,211,67,180,391,3,13,2,85,31,71,57,29,14,28,,158,241,8,7,62,3,
"Miller, Ben",38,219,146,135,354,9,3,162,78,81,35,19,60,23,25,,147,212,24,13,248,3,8
"Dimattina, Frank",37,413,60,84,497,41,40,,,,,,,78,69,10,,,,,,,
"Sarah, Paul",37,329,89,73,402,51,38,,,,,,,42,51,5,,,,,,,
"Nixon, Richard",37,173,113,144,317,3,1,52,29,,,,,55,51,,,,,,,,
"Stack, Sydney",35,225,137,281,506,14,13,,95,42,64,14,74,22,28,,189,330,12,11,52,6,13
"Stewart, Craig",35,259,127,175,434,3,4,75,,,,,,50,32,1,,,,,,,
"Hartigan, Brent",35,252,95,149,401,3,5,2,53,60,56,22,55,13,21,,137,259,5,5,63,72,10
"Hampson, Shaun",35,109,83,169,278,6,9,1060,50,13,37,55,77,42,43,,160,131,33,12,97,,4
"Rioli, Maurice",35,169,62,100,269,25,18,,91,6,47,5,75,21,24,,112,168,4,27,40,14,18
"McMahon, Jordan",34,460,186,278,738,9,11,,67,115,94,35,74,15,21,2,121,606,2,9,55,54,11
"McQueen, Mark",34,290,107,157,447,14,21,9,18,,,,,36,25,,,,,,,,
"Fleming, Tim",34,205,94,173,378,10,11,6,79,32,75,54,64,30,30,,164,229,6,8,53,6,5
"Vardy, Royce",34,135,67,102,237,3,5,34,34,55,16,22,24,21,7,,114,126,16,6,52,,1
"Beard, Colin",33,349,136,48,397,,,3,,,,,,55,50,1,,,,,,,
"Erwin, Mick",33,302,135,59,361,37,33,4,,,,,,51,56,,,,,,,,
"Houlihan, Adam",33,258,127,91,349,24,23,1,39,30,63,27,38,24,9,,120,223,17,33,38,13,4
"Owen, Ian",33,227,47,59,286,,,4,,,,,,35,42,,,,,,,,
"Cousins, Ben",32,310,110,424,734,12,9,,93,62,78,103,58,32,13,7,250,491,3,8,30,20,13
"Martello, Alan",32,300,70,81,381,3,6,102,,,,,,74,66,2,,,,,,,
"Taranto, Tim",31,453,108,420,873,24,20,,193,67,115,191,162,27,33,19,386,464,4,22,23,2,14
"Cameron, Barry",31,365,94,99,464,9,9,4,,,,,,57,37,8,,,,,,,
"Dow, Thomson",31,171,66,293,464,1,6,,66,32,55,97,76,21,23,,217,256,4,6,28,,10
"Mount, Stephen",31,228,88,149,377,9,12,15,,,,,,54,54,1,,,,,,,
"Andrews, Gareth",31,306,136,62,368,1,3,,,,,,,36,43,,,,,,,,
"Dea, Matt",31,163,104,189,352,1,,,57,41,24,7,38,18,12,,130,227,10,,71,2,1
"Chol, Mabior",31,149,69,91,240,24,13,261,71,20,45,42,45,17,21,2,140,111,19,22,81,,8
"Petterd, Ricky",30,328,171,198,526,17,10,5,95,61,86,46,68,29,19,,182,356,14,21,71,11,6
"Smith, Kevin",30,278,108,68,346,,,1,,,,,,38,74,7,,,,,,,
"Post, Jayden",30,158,122,153,311,6,8,31,33,42,30,11,46,13,21,,104,206,26,16,98,7,3
"Ryan, Damien",30,195,51,65,260,6,3,,36,13,14,6,3,22,13,,,,,,,,
"James, Aaron",30,174,80,72,246,19,13,16,19,69,26,8,26,12,11,,82,102,13,13,11,4,
"Allford, Grant",30,185,65,53,238,1,3,2,,,,,,48,33,,,,,,,,
"Connors, Daniel",29,328,157,186,514,11,7,,52,62,65,18,77,22,24,3,142,383,11,8,36,15,10
"Hamilton, Greg",29,155,47,92,247,17,17,,21,,,,,21,19,,,,,,,,
"Lennon, Bruce",28,204,84,173,377,7,1,,30,,,,,32,39,,,,,,,,
"Farmer, Mitch",28,192,84,155,347,8,9,,61,56,43,20,43,12,16,,126,213,5,7,66,4,3
"Evans, Brett",28,144,86,128,272,26,13,4,46,12,46,21,16,21,26,,42,32,9,10,5,,
"Young, Tylar",28,192,96,67,259,,,,31,99,25,3,71,12,27,,94,152,18,,185,1,
"Notting, Dean",28,161,68,78,239,17,18,,10,,,,,23,24,3,,,,,,,
"Cloke, Peter",28,159,64,36,195,4,4,,,,,,,18,24,2,,,,,,,
"Thorpe, David",27,385,55,130,515,24,20,1,,,,,,55,83,6,,,,,,,
"Ellis, Corey",27,162,67,160,322,7,5,,67,53,28,20,35,10,4,,104,204,5,9,26,4,6
"Williams, Shane",27,212,79,109,321,14,11,6,,,,,,41,51,,,,,,,,
"Sampson, Clay",27,191,46,47,238,18,17,,42,11,83,9,19,21,23,,111,122,3,12,17,7,
"Funcke, Ross",27,111,36,67,178,1,5,,21,10,6,4,8,10,8,,18,25,1,1,8,,
"Clark, Simon",27,108,51,65,173,6,9,105,15,,,,,28,41,,,,,,,,
"Bottams, Phillip",26,182,42,112,294,4,,1,,,,,,38,21,,,,,,,,
"Laffy, Michael",26,106,73,148,254,,,6,25,,,,,32,13,,,,,,,,
"McMillan, Marty",26,173,29,44,217,13,17,1,,,,,,29,35,,,,,,,,
"Neeld, Mark",26,79,27,38,117,16,8,5,19,,,,,8,21,,,,,,,,
"Bowden, Patrick",25,330,206,156,486,15,12,4,33,105,45,11,53,15,9,6,100,375,12,15,59,40,9
"Collins, Andrew",25,198,95,216,414,23,10,4,85,29,67,32,58,14,25,,123,289,9,12,32,9,8
"Breman, Todd",25,196,76,105,301,24,19,1,17,,,,,17,17,2,,,,,,,
"Keays, Terry",25,217,92,72,289,29,18,1,15,,,,,26,24,,,,,,,,
"Laughlin, Peter",25,182,62,59,241,46,23,,,,,,,33,35,2,,,,,,,
"Perry, John",24,265,71,47,312,1,8,2,,,,,,36,37,,,,,,,,
"Pym, Chris",24,200,65,100,300,13,10,,26,,,,,18,20,,,,,,,,
"Warner, Ross",24,201,70,57,258,22,23,7,,,,,,28,26,1,,,,,,,
"Miller, Brad",24,137,109,112,249,31,19,26,52,5,44,5,39,24,22,,97,157,19,42,48,,16
"Busse, Neil",24,182,78,20,202,2,4,1,,,,,,25,16,1,,,,,,,
"Cumberland, Noah",24,130,52,69,199,33,23,,50,,43,12,67,20,21,,100,100,10,23,17,2,13
"Moore, Ben",24,119,29,49,168,11,11,,25,3,21,16,5,15,18,,28,21,2,3,2,,
"Markov, Oleg",23,189,97,102,291,3,5,,30,48,34,10,45,12,14,,89,208,6,6,39,17,2
"Shinners, Kevin",23,211,68,51,262,,,1,,,,,,26,33,,,,,,,,
"Nason, Ben",23,164,75,96,260,17,6,,54,15,57,4,33,19,14,,79,185,2,8,24,14,5
"Dickeson, Wilf",23,199,40,14,213,,,,,,,,,28,22,3,,,,,,,
"McKenna, Michael",22,232,31,136,368,10,6,,,,,,,41,29,3,,,,,,,
"Hogan, Peter",22,258,27,35,293,29,29,,,,,,,50,30,5,,,,,,,
"Howat, Cameron",21,228,100,85,313,10,5,,35,22,59,19,36,6,13,,50,263,,3,34,46,9
"Sonsie, Tyler",21,168,57,129,297,7,9,,29,19,47,31,45,11,7,,101,189,2,12,13,2,7
"Jackson, Stevan",21,188,83,92,280,30,15,18,28,,,,,27,42,2,,,,,,,
"Gordon, Nathan",21,142,78,87,229,18,12,,40,8,51,4,44,11,20,,86,150,4,19,13,8,5
"Lennon, Ben",21,153,90,61,214,10,7,,23,5,42,4,36,17,9,,73,145,12,14,23,,16
"Knobel, Trent",21,54,53,101,155,4,5,341,34,6,21,19,44,18,26,,63,94,9,10,50,1,2
"Hopper, Jacob",20,207,72,231,438,9,4,,75,33,77,80,76,23,17,1,176,262,1,6,9,1,12
"Rae, Stephen",20,165,33,85,250,11,14,,,,,,,24,38,,,,,,,,
"Peardon, Derek",20,185,41,55,240,1,2,,,,,,,34,24,,,,,,,,
"Graham, Mark",20,130,64,93,223,2,,12,17,34,32,13,33,13,13,,90,123,9,2,63,,3
"Hislop, Tom",20,100,66,113,213,10,8,1,50,10,31,18,53,17,34,,89,130,6,10,31,,12
"Hernaman, Wayne",20,153,30,56,209,9,10,,21,,,,,24,24,,,,,,,,
"Townsend, Jacob",20,111,59,89,200,28,9,5,72,5,38,13,61,13,35,1,91,107,8,21,24,,10
"Tarrant, Robbie",20,115,89,82,197,,,,21,37,20,4,42,11,24,,81,119,11,,137,,1
"Gibcus, Josh",20,106,64,69,175,3,1,4,26,47,13,1,36,13,11,,72,107,13,2,127,,3
"McKee, Steven",20,66,39,70,136,1,1,95,16,11,25,25,9,11,4,,59,43,11,1,9,,
"Proctor, Lionel",20,75,29,31,106,4,1,,24,12,13,11,16,4,12,,40,56,3,2,15,1,
"Gaunt, Graham",19,188,45,100,288,8,11,18,,,,,,23,46,5,,,,,,,
"Gowers, Trevor",19,234,50,21,255,2,,,,,,,,19,18,,,,,,,,
"Francis, Matthew",19,170,55,60,230,13,12,2,9,,,,,20,19,,,,,,,,
"Menegola, Todd",19,162,56,65,227,13,18,1,17,,,,,11,13,,,,,,,,
"Scott, Allister",19,123,51,82,205,10,9,5,22,,,,,33,15,,,,,,,,
"Blumfield, Justin",19,87,49,87,174,5,1,3,19,9,25,21,17,10,5,,77,104,6,3,22,2,6
"Ryan, Samson",19,80,49,42,122,14,5,205,13,12,24,20,32,11,14,,62,63,12,16,38,,3
"Sartori, Ian",18,180,60,84,264,7,11,2,,,,,,29,40,,,,,,,,
"Preston, Andy",18,132,35,114,246,6,7,,,,,,,35,60,1,,,,,,,
"Geary, Richard",18,153,49,87,240,10,9,,,,,,,21,18,,,,,,,,
"Naylor, Greg",18,127,35,62,189,4,8,,,,,,,16,24,,,,,,,,
"Plapp, Justin",18,86,62,49,135,22,7,,15,4,23,5,12,11,17,1,38,27,16,13,7,,
"Jurica, Stephen",18,80,44,35,115,25,22,17,10,,,,,11,18,,,,,,,,
"Collins, Dennis",17,178,39,86,264,2,9,2,,,,,,23,30,5,,,,,,,
"Gahan, Graeme",17,226,36,25,251,,,2,,,,,,35,29,1,,,,,,,
"Murphy, Ted",17,192,61,35,227,1,,10,,,,,,19,22,5,,,,,,,
"Freame, Daryl",17,119,13,79,198,5,4,2,,,,,,27,25,2,,,,,,,
"Frangalas, Gary",17,148,57,47,195,2,4,,9,,,,,30,19,3,,,,,,,
"Griffiths, Stuart",17,97,30,98,195,14,9,,13,,,,,10,11,1,,,,,,,
"Clarke, Judson",17,87,37,57,144,14,4,,22,6,35,8,26,7,3,,59,91,2,8,11,8,1
"Meyer, Danny",17,83,34,52,135,7,4,,30,7,28,7,21,9,11,,57,80,2,5,17,2,4
"Ablett, Geoff",16,216,46,46,262,12,17,,,,,,,19,30,1,,,,,,,
"McKenzie, Des",16,182,33,35,217,,,,,,,,,26,40,2,,,,,,,
"Webberley, Jeromey",16,108,47,69,177,3,1,,26,20,26,13,15,5,9,,48,129,2,,8,1,2
"Helbig, Brad",16,83,42,65,148,4,3,,25,11,17,4,23,12,6,,45,102,2,3,6,3,2
"Hammond, Mike",16,114,32,23,137,5,8,4,,,,,,9,14,,,,,,,,
"Madigan, Owen",16,126,29,10,136,1,1,,,,,,,15,18,,,,,,,,
"Nugent, Michael",16,77,30,47,124,2,2,65,,,,,,19,17,,,,,,,,
"Hughes, Cleve",16,69,52,38,107,23,13,2,13,4,10,1,13,14,3,,42,66,8,21,6,1,1
"McInnes, George",16,65,27,24,89,6,11,106,,,,,,15,36,,,,,,,,
"Thomas, Matt",15,92,58,213,305,6,,1,83,8,26,60,49,15,35,,145,172,3,3,24,,9
"Nettlefold, Bill",15,121,20,60,181,6,5,1,,,,,,18,34,,,,,,,,
"Hewitt, Glynn",15,97,27,47,144,15,11,,,,,,,17,18,,,,,,,,
"Sheahan, John",15,133,32,11,144,11,17,,,,,,,11,14,,,,,,,,
"Summers, Mark",15,109,73,33,142,4,5,27,7,,,,,9,16,,,,,,,,
"Smythe, Keith",15,110,16,16,126,8,13,,,,,,,9,14,,,,,,,,
"Taubert, Steven",15,81,39,19,100,14,13,52,,,,,,16,11,,,,,,,,
"Herman, Ian",14,140,24,92,232,6,10,2,13,,,,,18,20,,,,,,,,
"Brown, Mal",14,98,40,91,189,25,17,,,,,,,21,39,,,,,,,,
"Brown, Tom",14,124,55,63,187,,3,,16,36,19,5,26,5,4,,71,117,6,1,29,1,3
"Wigney, Stuart",14,107,50,53,160,1,2,4,5,,,,,11,5,4,,,,,,,
"Campbell, Seth",14,100,45,60,160,7,7,,33,9,34,7,31,5,6,,61,100,1,6,14,10,6
"Thompson, Murray",14,112,22,41,153,3,3,,,,,,,27,20,,,,,,,,
"Barling, Tim",14,81,52,69,150,1,2,114,,,,,,19,41,2,,,,,,,
"Dundas, Matthew",14,106,25,43,149,5,4,,14,,,,,14,11,,,,,,,,
"Blurton, Ashley",14,86,37,62,148,7,7,,11,9,25,13,8,6,9,,28,59,2,6,6,,
"Garthwaite, Ryan",14,78,46,55,133,,,,29,37,10,1,27,7,8,,35,95,3,,108,1,
"Nalder, Bill",14,64,31,20,84,5,7,41,,,,,,12,35,,,,,,,,
"Mills, Andrew",14,50,22,21,71,5,3,,3,2,16,2,6,4,3,,28,44,1,5,9,4,
"Waterson, Colin",13,117,38,89,206,9,10,12,,,,,,24,11,,,,,,,,
"Hywood, Steve",13,109,20,40,149,,,3,,,,,,21,45,,,,,,,,
"Banks, Sam",13,96,31,48,144,1,3,,18,25,19,7,27,6,5,,38,99,2,1,17,,2
"Foley, Dan",13,69,44,74,143,9,6,16,,,,,,14,35,1,,,,,,,
"Rombotis, John",13,43,20,64,107,2,3,1,9,5,20,22,14,8,3,,42,34,1,1,10,,
"Robbins, Graham",13,80,20,24,104,9,12,2,,,,,,13,18,,,,,,,,
"Oakley-Nicholls, Jarrad",13,72,61,27,99,1,1,,16,5,15,4,28,2,10,,23,80,2,8,15,9,2
"Lovett, Wally",13,52,16,36,88,6,8,,,,,,,11,10,,,,,,,,
"Underwood, Andrew",12,128,26,61,189,4,3,1,11,,,,,6,15,2,,,,,,,
"Edwards, Aaron",12,103,70,61,164,15,11,,24,6,30,3,20,12,6,2,72,91,15,26,20,,7
"Roberts, Michael",12,119,9,29,148,4,2,,,,,,,17,19,3,,,,,,,
"Shand, Wayne",12,107,27,37,144,1,1,,,,,,,17,8,,,,,,,,
"Esler, Ty",12,55,45,79,134,,2,119,8,,,,,15,29,,,,,,,,
"Browne, Andrew",12,18,24,85,103,2,1,184,19,4,5,20,28,15,19,,56,50,6,4,26,,2
"Stonehouse, Ken",12,58,21,31,89,4,4,1,,,,,,18,10,,,,,,,,
"Ball, Ray",12,71,21,16,87,,,,,,,,,10,14,,,,,,,,
"Murphy, Justin",12,56,21,17,73,9,16,,4,,,,,7,12,,,,,,,,
"Wallace, Terry",11,171,30,99,270,7,8,,19,,,,,25,18,3,,,,,,,
"Collier-Dawkins, Riley",11,65,25,92,157,3,,,38,4,23,35,31,6,12,,68,97,,3,9,1,2
"Einsiedel, John",11,90,27,51,141,1,3,2,,,,,,20,19,,,,,,,,
"Parker, Matthew",11,87,40,51,138,7,6,,38,5,32,12,35,8,12,,53,86,4,6,10,3,7
"Thomas, Ron",11,96,21,25,121,,,1,,,,,,12,22,,,,,,,,
"McMillan, Geoff",11,83,28,37,120,5,7,,,,,,,13,13,,,,,,,,
"Schaefer, Robert",11,72,35,43,115,3,5,88,2,,,,,11,10,,,,,,,,
"Dickson, Glenn",11,85,30,22,107,10,13,2,,,,,,15,14,,,,,,,,
"Pirrie, Stephen",11,71,29,24,95,,,4,,,,,,13,17,,,,,,,,
"Roach, Tom",11,48,11,32,80,1,1,,10,10,10,6,9,2,,,21,57,1,,7,1,4
"Tschirpig, Bruce",10,108,26,31,139,12,10,,,,,,,20,17,6,,,,,,,
"Rolfe, Michael",10,92,10,44,136,4,9,,,,,,,12,35,,,,,,,,
"Davidson, Garry",10,84,36,52,136,9,6,1,,,,,,9,21,,,,,,,,
"Betts, Gerald",10,81,24,35,116,,1,1,,,,,,13,14,,,,,,,,
"McDonough, Matt",10,64,21,44,108,1,2,,21,21,17,8,11,4,6,,32,76,2,1,17,11,1
"Noonan, Alan",10,71,44,32,103,14,15,,,,,,,7,17,,,,,,,,
"Berry, Jeff",10,65,19,35,100,,3,,,,,,,18,10,,,,,,,,
"Beale, Darryl",10,90,32,9,99,,,,,,,,,7,17,,,,,,,,
"Winton, Brian",10,75,25,23,98,3,5,1,,,,,,9,12,,,,,,,,
"Nicholls, Bill",10,49,30,35,84,2,5,,8,2,19,12,14,3,4,,30,54,4,6,11,,2
"Maric, Addam",10,40,15,43,83,1,2,,18,3,11,,14,2,3,,21,61,1,1,4,3,5
"Elton, Todd",10,40,31,40,80,2,7,24,16,5,11,3,18,4,6,,37,45,13,7,10,1,2
"Lefau, Mykelti",10,45,31,27,72,14,5,15,19,1,16,5,21,6,7,,35,44,1,18,28,1,7
"Beckwith, Bill",10,56,8,6,62,8,8,,,,,,,8,8,,,,,,,,
"Eggmolesse-Smith, Derek",9,78,20,43,121,,,,19,24,9,1,24,6,11,2,29,82,1,,4,3,
"Vernon, Daryl",9,76,9,33,109,3,7,,,,,,,12,10,3,,,,,,,
"Elliott, Jamie",9,62,20,46,108,1,,,9,,,,,2,7,,,,,,,,
"Hummel, Jon",9,77,26,29,106,7,8,,,,,,,11,13,,,,,,,,
"Naish, Patrick",9,55,18,42,97,3,,,17,11,21,5,14,5,3,,24,73,,,3,1,3
"Coleman-Jones, Callum",9,44,33,53,97,11,5,71,18,4,8,6,20,7,10,1,54,49,11,12,19,,1
"Arnot, Matt",9,46,18,47,93,5,5,,37,5,15,10,16,9,6,,49,47,1,4,10,,2
"OHanlon, Brett",9,42,24,30,72,2,5,,14,,16,2,7,4,2,,15,59,1,2,5,1,1
"Poyas, Ezra",9,35,15,18,53,6,1,,5,3,13,1,10,1,3,,17,34,3,4,8,6,
"Livingstone, Tim",8,86,20,23,109,1,2,,15,,,,,20,8,,,,,,,,
"Thornton, Ron",8,71,15,26,97,6,3,,,,,,,6,6,,,,,,,,
"Murrie, Richard",8,56,15,35,91,,,1,,,,,,24,8,,,,,,,,
"Mrakov, John",8,60,23,31,91,,1,1,4,,,,,11,8,,,,,,,,
"McAuliffe, Kane",8,31,4,59,90,,2,,22,2,17,16,18,5,4,,43,51,,,5,,2
"Campbell, Blair",8,73,15,10,83,12,8,,,,,,,13,9,2,,,,,,,
"Morrison, Shane",8,46,38,36,82,3,1,4,7,2,11,1,6,7,2,,20,63,2,3,24,,3
"Moore, Callum",8,44,28,29,73,5,9,3,20,,15,,18,3,9,,35,44,6,13,16,3,4
"Sullivan, Chris",8,31,8,25,56,4,2,,8,,,,,2,7,,,,,,,,
"Walford, Bill",8,48,10,6,54,1,,,,,,,,7,6,,,,,,,,
"Hollands, Ben",8,28,17,14,42,5,,,5,3,13,7,5,2,1,,19,26,2,6,10,,
"Orchard, Ray",8,25,10,4,29,2,2,1,,,,,,1,1,,,,,,,,
"Thiessen, James",7,83,21,34,117,3,8,,4,,,,,5,6,,,,,,,,
"Crebbin, Tom",7,71,18,35,106,3,4,,,,,,,10,5,,,,,,,,
"Judd, Wayne",7,81,16,16,97,9,8,1,,,,,,26,26,1,,,,,,,
"Feltham, Paul",7,75,12,18,93,8,2,,,,,,,8,6,,,,,,,,
"Parkes, Gary",7,67,14,19,86,6,3,,,,,,,12,12,,,,,,,,
"Miels, Brenton",7,70,16,13,83,1,,,,,,,,12,12,,,,,,,,
"Considine, Craig",7,55,6,20,75,1,1,,,,,,,10,4,,,,,,,,
"Williams, Peter",7,39,9,32,71,1,,,,,,,,12,13,,,,,,,,
"Ednie, Craig",7,30,15,39,69,3,2,,12,3,6,13,6,8,,,39,32,3,4,16,2,
"Stephenson, Orren",7,27,18,38,65,,1,149,15,4,3,15,10,2,5,,34,31,5,1,21,,2
"Weller, Luke",7,39,25,25,64,3,5,,9,4,14,3,11,2,4,,26,34,5,6,19,2,
"Mattson, Don",7,30,11,20,50,,2,,,,,,,7,7,,,,,,,,
"Ferguson, John",7,35,6,12,47,,,2,,,,,,5,4,,,,,,,,
"Marsh, Ben",7,19,16,24,43,1,,73,5,2,7,12,11,6,6,,22,20,4,1,12,,
"Cowie, Darryl",7,25,16,17,42,1,,5,4,,,,,9,6,1,,,,,,,
"Knights, Chris",6,57,26,33,90,7,5,3,11,7,14,5,13,2,5,,23,68,1,4,4,,1
"Martin, Geoff",6,52,9,38,90,3,1,,,,,,,11,10,,,,,,,,
"Sutton, Darryl",6,42,20,36,78,,,,,,,,,20,15,,,,,,,,
"Bowden, Sean",6,58,20,18,76,,5,,5,,,,,2,7,,,,,,,,
"Young, Cory",6,48,9,25,73,1,3,,15,,,,,11,12,,,,,,,,
"Jackson, Francis",6,63,14,6,69,,1,,,,,,,11,9,,,,,,,,
"Conlan, Greg",6,41,18,20,61,3,1,,,,,,,2,3,,,,,,,,
"Brewer, Ross",6,33,24,18,51,8,10,1,,,,,,5,9,,,,,,,,
"Grinter, Barry",6,28,13,22,50,,,1,,,,,,13,7,,,,,,,,
"Teasdale, Graham",6,40,24,10,50,16,7,,,,,,,12,8,,,,,,,,
"Koschitzke, Jacob",6,28,20,20,48,5,1,33,11,1,9,5,10,7,3,,30,23,11,9,19,,2
"Fletcher, Simon",6,23,9,23,46,,1,,12,6,7,10,4,3,1,,22,24,,,8,1,1
"Manfield, Matthew",6,15,5,15,30,2,4,2,2,,3,,,1,2,,,,,,,,
"Stockdale, Mark",6,20,14,7,27,2,3,9,6,,,,,5,11,,,,,,,,
"Moore, Andrew",5,40,13,49,89,1,,,20,2,8,8,16,5,8,,30,58,1,1,6,,1
"Borchard, Ian",5,41,14,45,86,2,3,,,,,,,7,5,,,,,,,,
"Parsons, Steve",5,54,11,19,73,1,1,,,,,,,6,17,,,,,,,,
"Ablett, Kevin",5,59,15,13,72,,1,1,,,,,,11,10,,,,,,,,
"Oborne, Rod",5,42,13,17,59,7,6,,,,,,,6,10,,,,,,,,
"Eishold, Simon",5,40,10,19,59,,2,1,3,,,,,6,4,,,,,,,,
"Silvester, Jarrod",5,36,22,22,58,,,,6,12,2,,11,4,7,,19,37,2,,28,,
"Walker, Robert",5,30,15,20,50,,,1,1,,,,,3,,,,,,,,,
"Miller, David",5,31,12,18,49,7,4,,,,,,,3,4,,,,,,,,
"Morrison, Paul",5,41,10,8,49,2,,,,,,,,5,7,,,,,,,,
"ODwyer, Steven",5,20,16,27,47,,1,41,1,,,,,8,8,,,,,,,,
"Peters, Wayne",5,37,16,10,47,1,5,,5,,,,,4,2,,,,,,,,
"Drummond, Nathan",5,17,15,27,44,2,1,,20,2,6,2,2,5,1,,16,27,2,1,2,1,
"McBean, Liam",5,24,17,17,41,1,4,1,8,,4,2,5,2,2,,20,21,3,4,7,,1
"Semmens, Robert",5,22,3,14,36,,1,,,,,,,7,3,,,,,,,,
"Craig, Ian",5,29,3,5,34,,,,,,,,,5,2,,,,,,,,
"Coulthard, Matthew",5,20,7,12,32,2,2,,6,1,7,5,3,4,,,14,18,,1,3,2,1
"Bayes, Gavin",5,24,10,8,32,2,2,1,,,,,,5,4,,,,,,,,
"Kershaw, Kim",5,19,9,13,32,,,52,,,,,,8,6,,,,,,,,
"Haynes, Ben",5,7,4,7,14,,2,,1,,3,1,1,,,,5,8,,,,,
"Thomson, Adam",4,26,9,34,60,1,1,2,18,2,12,15,2,8,2,,28,31,,2,8,,1
"Lockman, Michael",4,36,7,23,59,,,,,,,,,4,3,,,,,,,,
"Gourdis, David",4,22,21,35,57,,,,3,12,1,,3,1,2,,17,39,1,,27,1,
"Fuller, Robert",4,41,6,13,54,1,1,,,,,,,5,5,,,,,,,,
"Fox, Brad",4,32,6,21,53,,1,,7,,,,,10,4,,,,,,,,
"Lovell, Noel",4,27,5,19,46,,2,,,,,,,4,4,,,,,,,,
"OReilly, Jamie",4,21,12,24,45,,,,1,5,4,4,8,4,5,,12,33,,,3,1,1
"Larkins, Trevor",4,34,12,9,43,4,4,1,,,,,,3,5,,,,,,,,
"Barlow, Paul",4,29,7,9,38,,1,1,5,,,,,6,6,,,,,,,,
"Thompson, Ewan",4,28,7,9,37,1,1,,7,,,,,6,2,,,,,,,,
"Robins, Haydn",4,22,11,15,37,1,1,,3,,,,,5,3,,,,,,,,
"Taylor, Troy",4,24,12,9,33,3,5,,14,,8,,8,2,3,,14,19,2,3,3,,
"Morrish, Paul",4,15,9,17,32,,1,,2,,,,,,5,,,,,,,,
"McGrath, Martin",4,20,9,11,31,6,3,,4,,4,,2,1,1,,14,14,3,4,2,1,
"McCormack, Peter",4,22,4,5,27,,,,,,,,,5,3,,,,,,,,
"White, James",4,16,3,8,24,1,2,,,,9,,2,1,1,,13,10,1,1,2,1,
"Trewella, Mark",4,16,10,8,24,4,3,,1,,,,,3,3,,,,,,,,
"Gwilliam, Brad",4,13,3,8,21,,,,3,,,,,4,1,,,,,,,,
"Smith, Anthony",4,15,3,6,21,1,,,,,,,,4,7,,,,,,,,
"Miles, Ian",4,15,2,4,19,,,,,,,,,2,,,,,,,,,
"Bauer, Jacob",4,14,8,4,18,4,,,2,,3,,8,1,4,,4,15,2,3,3,,
"Lounder, Richard",4,9,6,3,12,5,2,5,,,,,,1,3,,,,,,,,
"Bower, Darren",3,22,7,10,32,2,1,,6,,,,,6,7,,,,,,,,
"Kingsley, Kent",3,21,18,9,30,2,3,,2,,7,,7,,4,,3,27,,6,,,2
"Martyn, Will",3,14,6,12,26,,,,3,,3,3,8,,4,,9,21,,,2,,
"Naismith, Sam",3,9,8,17,26,,,38,6,1,1,10,5,5,3,,17,11,1,2,13,,
"Deery, Maurie",3,19,5,4,23,,,,,,,,,1,,,,,,,,,
"Balme, Craig",3,15,4,4,19,,,,,,,,,6,1,,,,,,,,
"Hudson, Paul",3,12,8,6,18,1,2,,3,,3,3,4,1,1,,9,9,1,4,2,,
"Hicks, Robert",3,11,6,7,18,1,2,,6,,3,,1,,,,9,9,1,1,1,1,4
"McLeod, Mark",3,13,5,3,16,,1,3,,,,,,1,3,,,,,,,,
"Baker, Ian",3,11,1,2,13,,1,,,,,,,2,3,,,,,,,,
"French, Lloyd",3,7,5,5,12,2,,1,,,,,,2,,,,,,,,,
"Slater, Adam",3,4,1,4,8,1,,,,,,,,2,1,,,,,,,,
"Teague, Barry",3,6,,1,7,1,2,,,,,,,1,1,,,,,,,,
"Barrot, Wes",3,5,,,5,,,,,,,,,,,,,,,,,,
"Marcon, Adam",2,23,13,15,38,1,,,5,5,3,3,8,1,2,,10,28,1,,,,1
"Trezise, James",2,17,5,14,31,,,,6,8,3,,3,1,1,,12,15,,,12,1,
"Weller, Maverick",2,17,6,14,31,1,1,,1,5,4,1,6,,1,,11,21,1,,4,,
"Lynch, Alan",2,12,3,15,27,1,1,,,,,,,2,3,,,,,,,,
"Mahony, Brett",2,17,7,9,26,,,,,,,,,,1,,,,,,,,
"Buttifant, David",2,17,4,8,25,,,,4,,,,,1,1,,,,,,,,
"Mugavin, Noel",2,14,7,9,23,3,,,,,,,,2,2,,,,,,,,
"Dintinosante, Renato",2,20,,3,23,,,,1,,,,,3,1,,,,,,,,
"Lonergan, Sam",2,11,4,11,22,,,,6,2,4,7,4,1,2,,16,7,,,,1,1
"Dennis, Simon",2,14,6,8,22,,,,4,,,,,1,5,,,,,,,,
"Greenslade, Malcolm",2,21,12,1,22,7,3,,,,,,,3,6,,,,,,,,
"Sutcliffe, Scott",2,11,5,6,17,,,,,,,,,1,,,,,,,,,
"Pitura, Mark",2,11,3,5,16,,1,,2,,,,,,,,,,,,,,
"Stengle, Tyson",2,11,4,5,16,2,1,,4,,2,,1,2,1,,6,9,,1,,,
"Roach, Stephen",2,7,4,9,16,,,,,,,,,3,3,,,,,,,,
"Bain, Frank",2,6,,9,15,,,,,,,,,3,4,,,,,,,,
"MacIlwain, Geoff",2,7,1,7,14,,,,,,,,,4,2,,,,,,,,
"Cartledge, Tristan",2,5,,8,13,1,,14,5,,5,2,4,2,1,,5,8,,,2,,1
"Derickx, Tom",2,5,2,8,13,,,13,5,1,3,1,4,2,2,,9,4,1,,7,,
"Roberts, Relton",2,12,5,1,13,,2,,1,1,4,1,3,,1,,2,8,1,,,1,
"Keighran, Darren",2,6,4,7,13,,1,,1,,,,,,,,,,,,,,
"Trotter, Barrie",2,10,1,3,13,,,,,,,,,3,2,,,,,,,,
"Steele, Stuart",2,6,1,6,12,,,,1,,,,,,2,,,,,,,,
"Green, Steely",2,8,4,3,11,,,,2,1,3,1,3,1,1,,5,8,,,1,,1
"Simpson, David",2,10,3,1,11,1,4,1,,,,,,,4,,,,,,,,
"Burke, Peter",2,8,,2,10,,,,3,,,,,2,,,,,,,,,
"Chivers, John",2,10,2,,10,,1,,,,,,,3,3,,,,,,,,
"Wilson, Trevor",2,7,2,1,8,2,,,,,,,,1,1,,,,,,,,
"Kelly, Frank",2,7,1,,7,1,,,,,,,,1,,,,,,,,,
"Baldwin, Jason",2,5,,1,6,,,,,,,,,,,,,,,,,,
"Shinners, Brian",2,1,,,1,,,,,,,,,,1,,,,,,,,
"Nunan, Michael",1,13,1,8,21,3,,,,,,,,4,2,,,,,,,,
"Humm, Jeremy",1,9,3,5,14,,,,1,1,3,2,4,1,1,,5,10,,,1,1,1
"Blight, Jacob",1,6,3,5,11,,,,2,3,,,4,,1,,3,8,,,6,,
"Curran, Pat",1,8,,3,11,,,,,,,,,1,1,,,,,,,,
"Cross, Andrew",1,6,1,4,10,,,,,,,,,1,,,,,,,,,
"Ross, Bradley",1,5,,4,9,,,,,,,,,2,1,,,,,,,,
"Nyuon, Bigoa",1,2,,4,6,,,,2,1,,,2,1,,,3,3,,,10,,
"Smith, Jason",1,2,,4,6,,,,,,,,,,1,,,,,,,,
"Pastore, Anthony",1,3,1,3,6,,,,2,,,,,2,,,,,,,,,
"Jewell, Nick",1,4,1,1,5,,,,,,,,,,1,,,,,,,,
"Robertson, John",1,1,,4,5,,,,,,,,,,,,,,,,,,
"Tully, Russell",1,3,3,1,4,,,,,,,,,1,1,,,,,,,,
"Donati, Daniel",1,1,,2,3,,,,1,,,,,,,,,,,,,,
"Smith, Kaleb",1,3,,,3,,,,1,3,,,2,,1,,1,1,,,,,
"Henry, David",1,2,,1,3,,,,,,,,,,,,,,,,,,
"Hunt, Tony",1,3,1,,3,,3,,,,,,,,1,,,,,,,,
"Oppy, Grant",1,2,1,,2,,1,,,,,,,,1,,,,,,,,
"Dunne, Jeff",1,,,,,,,,,,,,,,1,,,,,,,,
"Gehling, Bill",1,,,,,,,,,,,,,,1,,,,,,,,
"Jacks, David",1,,,,,,,,,,,,,,2,,,,,,,,